genres	avg. votes	avg. rating	avg. runtime
Action	177	5.8	98.0
Action,Adventure	5318	5.5	101.0
Action,Adventure,Animation	18114	6.6	87.0
Action,Adventure,Biography	14592	6.6	101.0
Action,Adventure,Comedy	19419	5.5	95.0
Action,Adventure,Crime	5634	5.6	98.0
Action,Adventure,Documentary	111	7.4	71.0
Action,Adventure,Drama	17460	5.7	101.0
Action,Adventure,Family	17389	5.5	101.0
Action,Adventure,Fantasy	62055	5.4	100.0
Action,Adventure,History	3465	6.0	97.0
Action,Adventure,Horror	16943	4.3	92.0
Action,Adventure,Music	168	5.6	75.0
Action,Adventure,Musical	76	6.5	113.0
Action,Adventure,Mystery	41074	5.6	114.0
Action,Adventure,Reality-TV	23	7.8	
Action,Adventure,Romance	6649	5.6	89.0
Action,Adventure,Sci-Fi	141090	5.4	103.0
Action,Adventure,Sport	142	7.3	64.0
Action,Adventure,Thriller	63458	5.6	108.0
Action,Adventure,War	2402	5.6	106.0
Action,Adventure,Western	283	5.7	88.0
Action,Animation	303	6.0	81.0
Action,Animation,Biography	166	7.2	74.0
Action,Animation,Comedy	772	6.7	80.0
Action,Animation,Crime	9316	6.9	90.0
Action,Animation,Documentary	37	7.6	82.0
Action,Animation,Drama	4077	6.9	92.0
Action,Animation,Family	1467	6.5	78.0
Action,Animation,Fantasy	3070	6.8	80.0
Action,Animation,Game-Show	14	8.1	45.0
Action,Animation,History	130	7.0	86.0
Action,Animation,Horror	6230	5.9	87.0
Action,Animation,Music	249	5.7	82.0
Action,Animation,Musical	57	6.1	100.0
Action,Animation,Mystery	2037	7.1	111.0
Action,Animation,Romance	695	6.7	116.0
Action,Animation,Sci-Fi	1666	6.3	82.0
Action,Animation,Sport	388	6.9	65.0
Action,Animation,Thriller	21	8.4	86.0
Action,Animation,War	58	7.1	
Action,Biography	295	5.9	110.0
Action,Biography,Comedy	23236	6.5	99.0
Action,Biography,Crime	22204	6.3	114.0
Action,Biography,Documentary	182	7.3	77.0
Action,Biography,Drama	28894	6.7	119.0
Action,Biography,Fantasy	10	8.4	94.0
Action,Biography,History	400	6.7	119.0
Action,Biography,Thriller	6224	7.1	124.0
Action,Biography,War	48	5.9	125.0
Action,Biography,Western	21	6.2	80.0
Action,Comedy	3177	5.6	98.0
Action,Comedy,Crime	15695	5.9	101.0
Action,Comedy,Documentary	12333	7.0	76.0
Action,Comedy,Drama	3048	5.9	115.0
Action,Comedy,Family	3619	5.4	94.0
Action,Comedy,Fantasy	13156	5.7	99.0
Action,Comedy,History	1658	6.0	104.0
Action,Comedy,Horror	7325	5.1	89.0
Action,Comedy,Music	630	5.9	79.0
Action,Comedy,Musical	789	5.9	109.0
Action,Comedy,Mystery	14247	6.4	99.0
Action,Comedy,Romance	3641	5.7	106.0
Action,Comedy,Sci-Fi	14444	5.4	92.0
Action,Comedy,Sport	6620	5.7	93.0
Action,Comedy,Talk-Show	73	6.6	135.0
Action,Comedy,Thriller	14043	5.6	103.0
Action,Comedy,War	25015	5.9	93.0
Action,Comedy,Western	597	5.8	90.0
Action,Crime	1242	5.7	92.0
Action,Crime,Documentary	457	6.9	87.0
Action,Crime,Drama	8927	5.9	103.0
Action,Crime,Family	752	6.4	132.0
Action,Crime,Fantasy	24655	5.4	94.0
Action,Crime,Film-Noir	1437	6.1	84.0
Action,Crime,History	1417	5.9	120.0
Action,Crime,Horror	7731	5.3	95.0
Action,Crime,Music	1695	6.3	83.0
Action,Crime,Musical	125	5.8	128.0
Action,Crime,Mystery	8253	5.9	95.0
Action,Crime,Romance	5694	5.5	102.0
Action,Crime,Sci-Fi	45757	5.5	110.0
Action,Crime,Sport	266	5.5	99.0
Action,Crime,Thriller	22234	5.8	105.0
Action,Crime,War	1028	6.8	103.0
Action,Crime,Western	30	6.4	119.0
Action,Documentary	381	6.9	76.0
Action,Documentary,Drama	149	7.6	79.0
Action,Documentary,Family	22	7.7	78.0
Action,Documentary,Fantasy	106	7.6	84.0
Action,Documentary,History	646	7.2	77.0
Action,Documentary,Horror	9	6.3	64.0
Action,Documentary,Music	16	7.1	96.0
Action,Documentary,Mystery	20844	8.3	77.0
Action,Documentary,News	31	7.4	67.0
Action,Documentary,Reality-TV	123	7.4	64.0
Action,Documentary,Sci-Fi	4542	7.0	22.0
Action,Documentary,Sport	175	7.5	75.0
Action,Documentary,War	66	7.2	70.0
Action,Drama	2074	5.9	105.0
Action,Drama,Family	4616	6.1	115.0
Action,Drama,Fantasy	6030	5.8	101.0
Action,Drama,Film-Noir	2012	6.4	96.0
Action,Drama,History	15370	6.5	116.0
Action,Drama,Horror	9229	5.0	92.0
Action,Drama,Music	3283	5.5	99.0
Action,Drama,Musical	1894	6.1	139.0
Action,Drama,Mystery	19570	5.9	102.0
Action,Drama,Romance	2488	6.0	114.0
Action,Drama,Sci-Fi	47282	5.3	98.0
Action,Drama,Sport	16745	5.8	105.0
Action,Drama,Thriller	8248	5.7	108.0
Action,Drama,War	7172	6.1	103.0
Action,Drama,Western	5501	5.8	89.0
Action,Family	340	5.2	102.0
Action,Family,Fantasy	687	5.2	85.0
Action,Family,Horror	656	4.8	141.0
Action,Family,Musical	33	6.6	138.0
Action,Family,Mystery	217	5.6	119.0
Action,Family,Romance	841	5.9	114.0
Action,Family,Sci-Fi	204	6.0	92.0
Action,Family,Sport	99433	6.1	112.0
Action,Family,Thriller	131	5.4	143.0
Action,Family,War	962	5.7	54.0
Action,Family,Western	29	7.0	98.0
Action,Fantasy	5969	5.8	92.0
Action,Fantasy,History	356	6.3	95.0
Action,Fantasy,Horror	12235	5.0	95.0
Action,Fantasy,Musical	348	6.2	140.0
Action,Fantasy,Mystery	567	6.2	97.0
Action,Fantasy,Romance	1716	5.9	103.0
Action,Fantasy,Sci-Fi	2603	5.2	87.0
Action,Fantasy,Thriller	50483	5.6	98.0
Action,Fantasy,War	102	5.4	96.0
Action,Fantasy,Western	31	6.9	87.0
Action,History	273	6.4	100.0
Action,History,Horror	785	5.7	87.0
Action,History,Musical	61	8.7	152.0
Action,History,Mystery	296	7.6	111.0
Action,History,Romance	178	6.7	109.0
Action,History,Thriller	2888	6.2	110.0
Action,History,War	728	5.9	101.0
Action,History,Western	189	5.2	103.0
Action,Horror	2591	4.6	87.0
Action,Horror,Mystery	5635	5.1	88.0
Action,Horror,Romance	1783	5.7	96.0
Action,Horror,Sci-Fi	23763	4.6	91.0
Action,Horror,Sport	329	5.1	78.0
Action,Horror,Thriller	4814	4.6	91.0
Action,Horror,War	7507	5.0	90.0
Action,Horror,Western	530	4.2	90.0
Action,Music	98	6.1	88.0
Action,Music,Romance	44	6.1	62.0
Action,Music,Sci-Fi	167	4.4	75.0
Action,Music,Western	64	4.6	67.0
Action,Musical	426	6.1	106.0
Action,Musical,Mystery	8511	7.1	157.0
Action,Musical,Romance	1470	6.4	140.0
Action,Musical,Sci-Fi	12	6.8	126.0
Action,Musical,Thriller	147	5.5	103.0
Action,Musical,War	199	6.6	121.0
Action,Musical,Western	15	6.8	76.0
Action,Mystery	150	6.0	93.0
Action,Mystery,Romance	1679	5.1	89.0
Action,Mystery,Sci-Fi	58344	5.3	92.0
Action,Mystery,Thriller	37518	5.9	104.0
Action,Mystery,Western	54	4.6	114.0
Action,Romance	402	5.9	125.0
Action,Romance,Sci-Fi	1527	5.0	106.0
Action,Romance,Sport	365	4.8	86.0
Action,Romance,Thriller	1412	5.7	121.0
Action,Romance,War	540	6.1	109.0
Action,Romance,Western	281	5.7	68.0
Action,Sci-Fi	28617	4.6	91.0
Action,Sci-Fi,Sport	14528	4.9	104.0
Action,Sci-Fi,Thriller	28077	4.8	96.0
Action,Sci-Fi,War	295	3.8	81.0
Action,Sci-Fi,Western	164	4.5	86.0
Action,Sport	877	5.9	109.0
Action,Sport,Thriller	9437	6.2	93.0
Action,Sport,War	37	5.5	
Action,Thriller	7904	5.4	103.0
Action,Thriller,War	2740	4.9	95.0
Action,Thriller,Western	21419	6.3	93.0
Action,War	1560	5.4	96.0
Action,War,Western	17	5.2	50.0
Action,Western	1059	5.5	94.0
Adventure	90	5.8	88.0
Adventure,Animation	121	5.8	73.0
Adventure,Animation,Biography	226	6.5	84.0
Adventure,Animation,Comedy	38816	6.2	79.0
Adventure,Animation,Crime	1518	7.1	89.0
Adventure,Animation,Documentary	304	7.1	77.0
Adventure,Animation,Drama	28294	6.8	88.0
Adventure,Animation,Family	10287	6.1	75.0
Adventure,Animation,Fantasy	2059	6.3	85.0
Adventure,Animation,History	112	5.7	75.0
Adventure,Animation,Horror	893	6.1	103.0
Adventure,Animation,Music	15637	7.8	47.0
Adventure,Animation,Musical	216	5.9	77.0
Adventure,Animation,Romance	200	4.9	83.0
Adventure,Animation,Sci-Fi	8257	6.1	90.0
Adventure,Animation,Western	226	6.4	95.0
Adventure,Biography	141	6.2	86.0
Adventure,Biography,Comedy	9712	6.6	96.0
Adventure,Biography,Crime	10958	6.8	99.0
Adventure,Biography,Documentary	252	7.3	77.0
Adventure,Biography,Drama	19338	6.5	116.0
Adventure,Biography,Family	286	5.9	95.0
Adventure,Biography,History	541	6.1	100.0
Adventure,Biography,Romance	550	5.9	95.0
Adventure,Biography,War	37416	6.2	106.0
Adventure,Biography,Western	998	5.2	83.0
Adventure,Comedy	3264	5.6	90.0
Adventure,Comedy,Crime	11457	5.8	93.0
Adventure,Comedy,Documentary	98	7.1	81.0
Adventure,Comedy,Drama	10159	6.3	95.0
Adventure,Comedy,Family	14986	5.7	91.0
Adventure,Comedy,Fantasy	11269	5.8	93.0
Adventure,Comedy,Film-Noir	38163	7.8	100.0
Adventure,Comedy,History	2218	6.3	102.0
Adventure,Comedy,Horror	897	4.9	84.0
Adventure,Comedy,Music	11347	5.9	78.0
Adventure,Comedy,Musical	4099	6.4	93.0
Adventure,Comedy,Mystery	2880	6.0	82.0
Adventure,Comedy,Reality-TV	215	8.2	120.0
Adventure,Comedy,Romance	1362	5.8	87.0
Adventure,Comedy,Sci-Fi	47690	6.0	91.0
Adventure,Comedy,Sport	4530	5.6	84.0
Adventure,Comedy,Thriller	461	5.9	92.0
Adventure,Comedy,War	5070	6.2	108.0
Adventure,Comedy,Western	1250	5.7	89.0
Adventure,Crime	164	5.4	92.0
Adventure,Crime,Documentary	76	7.2	79.0
Adventure,Crime,Drama	2167	5.9	87.0
Adventure,Crime,Family	312	6.2	91.0
Adventure,Crime,Fantasy	271	5.4	102.0
Adventure,Crime,Film-Noir	3975	6.9	81.0
Adventure,Crime,History	1250	6.2	91.0
Adventure,Crime,Horror	1218	5.1	93.0
Adventure,Crime,Musical	35	6.3	100.0
Adventure,Crime,Mystery	456	5.9	81.0
Adventure,Crime,Romance	191	5.6	86.0
Adventure,Crime,Sci-Fi	140	4.9	118.0
Adventure,Crime,Sport	548	4.7	87.0
Adventure,Crime,Thriller	1851	5.6	89.0
Adventure,Crime,War	17	6.0	90.0
Adventure,Crime,Western	32	5.4	83.0
Adventure,Documentary	342	7.4	74.0
Adventure,Documentary,Drama	410	7.2	80.0
Adventure,Documentary,Family	191	7.4	77.0
Adventure,Documentary,Fantasy	78	7.1	85.0
Adventure,Documentary,History	149	7.3	74.0
Adventure,Documentary,Horror	158	6.5	77.0
Adventure,Documentary,Music	26	7.5	74.0
Adventure,Documentary,Mystery	96	7.3	80.0
Adventure,Documentary,News	461	7.3	75.0
Adventure,Documentary,Reality-TV	29	6.1	84.0
Adventure,Documentary,Romance	218	7.0	87.0
Adventure,Documentary,Sci-Fi	436	5.9	42.0
Adventure,Documentary,Sport	1915	7.6	75.0
Adventure,Documentary,Thriller	13	5.6	61.0
Adventure,Documentary,War	43	7.6	84.0
Adventure,Documentary,Western	565	7.0	80.0
Adventure,Drama	1937	6.0	92.0
Adventure,Drama,Family	5723	6.3	93.0
Adventure,Drama,Fantasy	17169	6.2	107.0
Adventure,Drama,Film-Noir	3080	6.4	86.0
Adventure,Drama,History	4274	6.1	110.0
Adventure,Drama,Horror	10426	5.3	89.0
Adventure,Drama,Music	307	5.8	87.0
Adventure,Drama,Musical	135	5.8	99.0
Adventure,Drama,Mystery	8158	6.0	95.0
Adventure,Drama,Romance	4825	5.9	94.0
Adventure,Drama,Sci-Fi	56649	5.8	99.0
Adventure,Drama,Sport	7410	6.4	97.0
Adventure,Drama,Thriller	11288	6.1	99.0
Adventure,Drama,War	18331	6.4	99.0
Adventure,Drama,Western	12613	6.1	93.0
Adventure,Family	374	6.0	86.0
Adventure,Family,Fantasy	30117	5.8	95.0
Adventure,Family,History	650	6.4	101.0
Adventure,Family,Horror	45	5.2	84.0
Adventure,Family,Music	344	6.4	88.0
Adventure,Family,Musical	2369	5.5	98.0
Adventure,Family,Mystery	484	5.9	94.0
Adventure,Family,Romance	1076	5.9	87.0
Adventure,Family,Sci-Fi	9266	5.3	90.0
Adventure,Family,Sport	2892	6.5	97.0
Adventure,Family,Thriller	169	5.3	98.0
Adventure,Family,War	429	6.0	87.0
Adventure,Family,Western	444	5.6	90.0
Adventure,Fantasy	7277	5.4	96.0
Adventure,Fantasy,History	850	5.8	95.0
Adventure,Fantasy,Horror	2995	5.0	90.0
Adventure,Fantasy,Music	7	8.3	78.0
Adventure,Fantasy,Musical	192	6.5	104.0
Adventure,Fantasy,Mystery	1678	6.1	100.0
Adventure,Fantasy,Romance	2903	5.9	92.0
Adventure,Fantasy,Sci-Fi	1678	5.4	91.0
Adventure,Fantasy,Thriller	886	5.5	101.0
Adventure,Fantasy,War	152	5.2	99.0
Adventure,Fantasy,Western	12362	5.2	102.0
Adventure,Film-Noir,Mystery	1152	5.9	63.0
Adventure,Film-Noir,Romance	3469	6.6	106.0
Adventure,History	203	6.0	93.0
Adventure,History,Musical	120	5.9	96.0
Adventure,History,Mystery	189	5.9	107.0
Adventure,History,Romance	917	6.4	110.0
Adventure,History,Sci-Fi	568	6.0	94.0
Adventure,History,Thriller	5641	7.1	125.0
Adventure,History,War	321	5.7	96.0
Adventure,History,Western	365	6.0	114.0
Adventure,Horror	4425	4.8	89.0
Adventure,Horror,Musical	5	4.4	67.0
Adventure,Horror,Mystery	5118	5.2	92.0
Adventure,Horror,Romance	728	5.3	138.0
Adventure,Horror,Sci-Fi	4239	4.5	89.0
Adventure,Horror,Thriller	11263	4.9	92.0
Adventure,Horror,Western	59	5.1	91.0
Adventure,Music	31	7.4	78.0
Adventure,Music,Musical	413	6.4	110.0
Adventure,Music,Romance	200	5.7	76.0
Adventure,Music,Sci-Fi	1393	5.1	83.0
Adventure,Musical	53	6.5	93.0
Adventure,Musical,Mystery	57	6.1	87.0
Adventure,Musical,Romance	145	5.8	90.0
Adventure,Musical,Sci-Fi	41	7.6	92.0
Adventure,Musical,War	346	5.8	95.0
Adventure,Mystery	191	5.9	96.0
Adventure,Mystery,Romance	729	5.7	88.0
Adventure,Mystery,Sci-Fi	59881	5.9	106.0
Adventure,Mystery,Thriller	20897	6.0	102.0
Adventure,Mystery,War	792	5.3	72.0
Adventure,Mystery,Western	89	5.7	80.0
Adventure,News	69	6.8	64.0
Adventure,Romance	236	5.7	89.0
Adventure,Romance,Sci-Fi	9731	6.2	87.0
Adventure,Romance,Sport	21	4.5	84.0
Adventure,Romance,Thriller	425	6.2	102.0
Adventure,Romance,War	164	5.6	83.0
Adventure,Romance,Western	702	6.3	77.0
Adventure,Sci-Fi	10111	5.0	90.0
Adventure,Sci-Fi,Sport	356	6.5	92.0
Adventure,Sci-Fi,Thriller	6192	5.0	88.0
Adventure,Sci-Fi,War	46	6.4	69.0
Adventure,Sci-Fi,Western	561	3.6	95.0
Adventure,Sport	34	5.1	72.0
Adventure,Thriller	1379	5.8	94.0
Adventure,Thriller,Western	397	6.1	68.0
Adventure,War	306	5.6	88.0
Adventure,War,Western	3128	5.0	92.0
Adventure,Western	321	5.7	90.0
Animation	68	6.4	98.0
Animation,Biography	626	6.2	82.0
Animation,Biography,Comedy	545	7.0	73.0
Animation,Biography,Crime	167	7.6	102.0
Animation,Biography,Documentary	1954	7.4	77.0
Animation,Biography,Drama	7920	7.0	87.0
Animation,Biography,Family	45	5.1	85.0
Animation,Biography,Fantasy	44	6.8	78.0
Animation,Biography,History	43	7.4	60.0
Animation,Biography,Music	17	4.0	45.0
Animation,Comedy	538	6.4	66.0
Animation,Comedy,Crime	5459	6.3	79.0
Animation,Comedy,Documentary	346	7.5	75.0
Animation,Comedy,Drama	7230	6.7	82.0
Animation,Comedy,Family	4871	6.3	66.0
Animation,Comedy,Fantasy	4660	6.5	73.0
Animation,Comedy,History	51	6.6	62.0
Animation,Comedy,Horror	428	6.2	72.0
Animation,Comedy,Music	1142	7.0	68.0
Animation,Comedy,Musical	2742	5.9	72.0
Animation,Comedy,Mystery	2343	6.3	65.0
Animation,Comedy,Romance	426	6.6	73.0
Animation,Comedy,Sci-Fi	704	6.0	73.0
Animation,Comedy,Sport	22	5.5	60.0
Animation,Comedy,Thriller	3595	5.4	75.0
Animation,Comedy,War	24	2.4	87.0
Animation,Comedy,Western	756	7.0	86.0
Animation,Crime,Documentary	1684	8.3	82.0
Animation,Crime,Drama	7050	7.1	97.0
Animation,Crime,Family	185	6.3	50.0
Animation,Crime,Horror	1286	7.9	108.0
Animation,Crime,Music	1867	7.3	98.0
Animation,Crime,Mystery	450	6.7	90.0
Animation,Crime,Sci-Fi	10	3.4	86.0
Animation,Documentary	210	7.3	69.0
Animation,Documentary,Drama	99	7.2	80.0
Animation,Documentary,Family	73	7.3	56.0
Animation,Documentary,Fantasy	46	8.0	59.0
Animation,Documentary,History	163	7.3	69.0
Animation,Documentary,Music	26	7.5	73.0
Animation,Documentary,Musical	114	6.8	58.0
Animation,Documentary,Mystery	2287	7.9	93.0
Animation,Documentary,News	157	7.3	65.0
Animation,Documentary,Sci-Fi	13	7.6	54.0
Animation,Documentary,War	104	7.5	88.0
Animation,Drama	1853	6.8	85.0
Animation,Drama,Family	12424	6.9	85.0
Animation,Drama,Fantasy	11766	6.8	87.0
Animation,Drama,History	1107	7.1	95.0
Animation,Drama,Horror	1365	6.7	76.0
Animation,Drama,Music	1282	7.5	83.0
Animation,Drama,Musical	67	6.4	79.0
Animation,Drama,Mystery	13561	6.5	83.0
Animation,Drama,Romance	5108	6.6	83.0
Animation,Drama,Sci-Fi	2817	6.7	95.0
Animation,Drama,Sport	292	6.6	84.0
Animation,Drama,Thriller	877	7.2	78.0
Animation,Drama,War	41142	7.1	83.0
Animation,Family	142	6.3	58.0
Animation,Family,Fantasy	10588	6.2	65.0
Animation,Family,History	402	5.6	70.0
Animation,Family,Music	236	5.8	56.0
Animation,Family,Musical	371	6.4	61.0
Animation,Family,Mystery	181	6.4	50.0
Animation,Family,Romance	453	6.8	58.0
Animation,Family,Sci-Fi	334	6.4	53.0
Animation,Family,Sport	175	6.0	58.0
Animation,Family,Western	50	4.8	74.0
Animation,Fantasy	378	6.1	73.0
Animation,Fantasy,History	110	4.7	72.0
Animation,Fantasy,Horror	1343	6.0	70.0
Animation,Fantasy,Music	975	6.5	67.0
Animation,Fantasy,Musical	383	6.6	74.0
Animation,Fantasy,Mystery	447	6.8	81.0
Animation,Fantasy,Romance	325	7.0	84.0
Animation,Fantasy,Sci-Fi	255	6.2	89.0
Animation,Fantasy,Thriller	141	4.2	70.0
Animation,Fantasy,War	36	8.0	75.0
Animation,History	623	7.0	80.0
Animation,History,Music	59	4.8	65.0
Animation,History,Musical	76	6.1	90.0
Animation,History,Romance	14	7.6	
Animation,History,War	251	7.3	92.0
Animation,Horror	144	6.0	77.0
Animation,Horror,Music	11	6.8	60.0
Animation,Horror,Mystery	1088	5.8	70.0
Animation,Horror,Romance	31	5.2	94.0
Animation,Horror,Sci-Fi	446	5.3	76.0
Animation,Horror,Thriller	75	4.9	58.0
Animation,Music	109	7.0	63.0
Animation,Music,Musical	117	7.0	64.0
Animation,Music,Romance	17	7.3	66.0
Animation,Music,Sci-Fi	21	7.9	59.0
Animation,Musical	48	6.0	69.0
Animation,Musical,Romance	53	6.7	84.0
Animation,Musical,Sport	12	5.6	71.0
Animation,Mystery	105	6.2	67.0
Animation,Mystery,Romance	244	7.2	90.0
Animation,Mystery,Sci-Fi	2058	6.0	86.0
Animation,Mystery,Thriller	87	6.1	105.0
Animation,News	21	6.4	
Animation,Romance	140	6.8	57.0
Animation,Romance,Sci-Fi	231	7.3	67.0
Animation,Sci-Fi	803	6.5	87.0
Animation,Sci-Fi,Thriller	7895	6.6	90.0
Animation,Sci-Fi,War	206	6.2	100.0
Animation,Sport	142	6.6	83.0
Animation,Thriller	48	6.4	84.0
Animation,War	61	6.5	66.0
Animation,Western	11	7.8	74.0
Biography	86	6.9	80.0
Biography,Comedy	1296	6.5	88.0
Biography,Comedy,Crime	75047	6.6	101.0
Biography,Comedy,Documentary	530	7.3	79.0
Biography,Comedy,Drama	19072	6.7	103.0
Biography,Comedy,Family	102	6.8	78.0
Biography,Comedy,Fantasy	19	4.6	68.0
Biography,Comedy,History	3579	6.4	90.0
Biography,Comedy,Horror	39	6.4	76.0
Biography,Comedy,Music	1117	6.6	85.0
Biography,Comedy,Musical	1298	6.0	91.0
Biography,Comedy,Mystery	60	5.8	72.0
Biography,Comedy,Romance	4918	6.8	85.0
Biography,Comedy,Sci-Fi	2578	7.0	85.0
Biography,Comedy,Thriller	1449	6.6	99.0
Biography,Comedy,War	63	8.8	60.0
Biography,Crime	133	6.4	99.0
Biography,Crime,Documentary	3065	7.1	82.0
Biography,Crime,Drama	33270	6.5	109.0
Biography,Crime,Film-Noir	475	5.8	79.0
Biography,Crime,History	449	6.2	102.0
Biography,Crime,Horror	261	4.8	88.0
Biography,Crime,Mystery	43983	6.8	106.0
Biography,Crime,Thriller	715	6.2	114.0
Biography,Crime,Western	121	4.3	88.0
Biography,Documentary	385	7.2	71.0
Biography,Documentary,Drama	380	7.4	77.0
Biography,Documentary,Family	98	7.5	71.0
Biography,Documentary,Fantasy	421	7.1	82.0
Biography,Documentary,History	474	7.3	77.0
Biography,Documentary,Horror	258	7.2	82.0
Biography,Documentary,Music	815	7.5	79.0
Biography,Documentary,Musical	71	7.6	83.0
Biography,Documentary,Mystery	2376	7.3	72.0
Biography,Documentary,News	698	7.5	76.0
Biography,Documentary,Reality-TV	895	6.6	72.0
Biography,Documentary,Romance	327	7.4	74.0
Biography,Documentary,Sci-Fi	582	7.1	83.0
Biography,Documentary,Sport	1329	7.4	79.0
Biography,Documentary,Thriller	548	7.4	91.0
Biography,Documentary,War	635	7.6	76.0
Biography,Documentary,Western	80	6.4	66.0
Biography,Drama	6542	6.5	105.0
Biography,Drama,Family	11800	6.8	95.0
Biography,Drama,Fantasy	5643	6.4	99.0
Biography,Drama,Film-Noir	365	5.8	88.0
Biography,Drama,History	13755	6.7	114.0
Biography,Drama,Horror	4672	5.9	92.0
Biography,Drama,Music	13999	6.6	111.0
Biography,Drama,Musical	6204	6.8	109.0
Biography,Drama,Mystery	41883	6.4	105.0
Biography,Drama,News	19	5.6	65.0
Biography,Drama,Romance	11793	6.5	108.0
Biography,Drama,Sci-Fi	271	3.9	93.0
Biography,Drama,Sport	15185	6.5	108.0
Biography,Drama,Thriller	36378	6.2	112.0
Biography,Drama,War	12500	6.5	112.0
Biography,Drama,Western	5407	6.4	105.0
Biography,Family	61	5.8	79.0
Biography,Family,History	119	5.8	113.0
Biography,Family,Horror	62	7.4	
Biography,Family,Musical	2129	6.8	121.0
Biography,Family,Sport	4711	6.8	119.0
Biography,Fantasy	1901	7.2	87.0
Biography,Fantasy,History	7	7.0	45.0
Biography,Fantasy,Horror	44	6.3	
Biography,Fantasy,Music	31	5.5	72.0
Biography,Fantasy,Mystery	10	6.0	
Biography,History	238	6.8	94.0
Biography,History,Horror	6	5.2	108.0
Biography,History,Music	90	6.5	82.0
Biography,History,Musical	7	8.6	69.0
Biography,History,Mystery	76	5.9	71.0
Biography,History,Romance	265	6.4	101.0
Biography,History,Sport	39282	5.9	93.0
Biography,History,Thriller	124	6.1	103.0
Biography,History,War	332	6.6	101.0
Biography,History,Western	305	6.1	84.0
Biography,Horror	1739	4.4	88.0
Biography,Horror,Thriller	1379	6.0	92.0
Biography,Music	228	6.5	82.0
Biography,Music,Musical	265	6.4	99.0
Biography,Music,Mystery	10	5.5	90.0
Biography,Music,Romance	306	6.7	98.0
Biography,Musical	284	6.5	98.0
Biography,Musical,Romance	310	6.2	101.0
Biography,Romance	404	6.6	100.0
Biography,Romance,War	85	6.8	90.0
Biography,Sci-Fi	204	7.0	68.0
Biography,Sport	418	6.8	87.0
Biography,Talk-Show	48	7.8	24.0
Biography,Thriller	1978	6.5	99.0
Biography,Thriller,War	831	4.6	95.0
Biography,Thriller,Western	381	4.7	92.0
Biography,War	57	6.9	97.0
Biography,Western	535	5.8	91.0
Comedy	1043	5.9	85.0
Comedy,Crime	6046	5.8	91.0
Comedy,Crime,Documentary	7921	7.2	89.0
Comedy,Crime,Drama	7453	6.2	96.0
Comedy,Crime,Family	2509	5.9	90.0
Comedy,Crime,Fantasy	4254	5.7	93.0
Comedy,Crime,Film-Noir	888	6.1	70.0
Comedy,Crime,History	3956	6.8	100.0
Comedy,Crime,Horror	2281	5.4	86.0
Comedy,Crime,Music	8080	6.1	85.0
Comedy,Crime,Musical	7749	6.2	97.0
Comedy,Crime,Mystery	5481	6.2	89.0
Comedy,Crime,News	18	5.4	24.0
Comedy,Crime,Romance	4851	6.0	92.0
Comedy,Crime,Sci-Fi	1900	5.5	89.0
Comedy,Crime,Sport	20233	6.0	91.0
Comedy,Crime,Thriller	6505	6.1	95.0
Comedy,Crime,War	328	5.1	100.0
Comedy,Crime,Western	1245	5.6	69.0
Comedy,Documentary	731	6.9	75.0
Comedy,Documentary,Drama	381	7.2	79.0
Comedy,Documentary,Family	216	7.0	74.0
Comedy,Documentary,Fantasy	42	7.0	80.0
Comedy,Documentary,Game-Show	781	6.9	100.0
Comedy,Documentary,History	226	6.9	86.0
Comedy,Documentary,Horror	239	6.4	82.0
Comedy,Documentary,Music	786	7.3	75.0
Comedy,Documentary,Musical	1363	7.5	81.0
Comedy,Documentary,Mystery	116	7.9	78.0
Comedy,Documentary,News	109	7.2	74.0
Comedy,Documentary,Reality-TV	26	7.7	56.0
Comedy,Documentary,Romance	112	6.5	73.0
Comedy,Documentary,Sci-Fi	99	6.7	48.0
Comedy,Documentary,Sport	154	7.0	71.0
Comedy,Documentary,Talk-Show	9	6.8	69.0
Comedy,Documentary,Thriller	6304	6.2	84.0
Comedy,Documentary,War	9521	7.0	67.0
Comedy,Documentary,Western	82	6.4	79.0
Comedy,Drama	2738	6.3	93.0
Comedy,Drama,Family	3088	6.3	97.0
Comedy,Drama,Fantasy	9787	6.3	98.0
Comedy,Drama,Film-Noir	483	6.5	89.0
Comedy,Drama,Game-Show	74	2.9	90.0
Comedy,Drama,History	5553	6.7	105.0
Comedy,Drama,Horror	2090	5.6	92.0
Comedy,Drama,Music	6365	6.4	98.0
Comedy,Drama,Musical	2374	6.2	106.0
Comedy,Drama,Mystery	3351	6.3	108.0
Comedy,Drama,News	30	5.7	86.0
Comedy,Drama,Reality-TV	33	6.0	61.0
Comedy,Drama,Romance	6891	6.2	98.0
Comedy,Drama,Sci-Fi	8304	6.2	93.0
Comedy,Drama,Sport	5326	6.2	99.0
Comedy,Drama,Talk-Show	9	9.3	25.0
Comedy,Drama,Thriller	3338	6.1	97.0
Comedy,Drama,War	10608	6.8	100.0
Comedy,Drama,Western	31562	6.4	84.0
Comedy,Family	2384	5.8	85.0
Comedy,Family,Fantasy	7170	5.6	85.0
Comedy,Family,History	1395	6.5	83.0
Comedy,Family,Horror	988	4.9	83.0
Comedy,Family,Music	4840	6.1	79.0
Comedy,Family,Musical	1271	5.9	89.0
Comedy,Family,Mystery	2448	6.0	90.0
Comedy,Family,Romance	4051	5.9	93.0
Comedy,Family,Sci-Fi	5136	5.5	89.0
Comedy,Family,Sport	7284	5.2	96.0
Comedy,Family,Thriller	702	5.8	98.0
Comedy,Family,War	2731	6.1	71.0
Comedy,Family,Western	1815	6.2	91.0
Comedy,Fantasy	5194	5.8	90.0
Comedy,Fantasy,History	2244	6.6	97.0
Comedy,Fantasy,Horror	8523	5.4	91.0
Comedy,Fantasy,Music	5841	7.0	113.0
Comedy,Fantasy,Musical	1925	6.2	98.0
Comedy,Fantasy,Mystery	8444	6.7	85.0
Comedy,Fantasy,Romance	8278	5.9	99.0
Comedy,Fantasy,Sci-Fi	1434	5.7	83.0
Comedy,Fantasy,Sport	1346	6.4	92.0
Comedy,Fantasy,Thriller	2074	6.0	86.0
Comedy,Fantasy,Western	112	4.9	94.0
Comedy,Film-Noir,Mystery	158	5.9	63.0
Comedy,Game-Show,Sci-Fi	236	7.8	
Comedy,History	869	6.1	95.0
Comedy,History,Horror	203	3.2	98.0
Comedy,History,Music	118	6.7	77.0
Comedy,History,Musical	3724	6.8	88.0
Comedy,History,Mystery	413	6.8	92.0
Comedy,History,Romance	1201	6.5	112.0
Comedy,History,Sport	70	6.0	103.0
Comedy,History,War	489	6.0	98.0
Comedy,Horror	2808	5.1	87.0
Comedy,Horror,Music	2390	5.6	85.0
Comedy,Horror,Musical	5728	5.7	89.0
Comedy,Horror,Mystery	3968	5.5	90.0
Comedy,Horror,Romance	4510	5.5	94.0
Comedy,Horror,Sci-Fi	4432	5.0	85.0
Comedy,Horror,Sport	1598	4.6	96.0
Comedy,Horror,Thriller	4479	5.1	87.0
Comedy,Horror,War	38	5.5	75.0
Comedy,Horror,Western	1788	4.9	87.0
Comedy,Music	3459	6.2	81.0
Comedy,Music,Musical	2559	6.1	90.0
Comedy,Music,Mystery	3192	6.6	80.0
Comedy,Music,Reality-TV	16	7.4	60.0
Comedy,Music,Romance	3901	6.2	92.0
Comedy,Music,Sci-Fi	1253	6.4	76.0
Comedy,Music,Sport	515	5.8	82.0
Comedy,Music,Thriller	108	6.0	95.0
Comedy,Music,War	2952	5.3	76.0
Comedy,Music,Western	27	5.4	54.0
Comedy,Musical	488	6.1	92.0
Comedy,Musical,Mystery	595	6.3	95.0
Comedy,Musical,Romance	2261	6.1	95.0
Comedy,Musical,Sci-Fi	471	5.8	90.0
Comedy,Musical,Sport	565	5.6	84.0
Comedy,Musical,Thriller	69	6.2	101.0
Comedy,Musical,War	1015	6.1	88.0
Comedy,Musical,Western	340	6.0	86.0
Comedy,Mystery	1163	6.0	87.0
Comedy,Mystery,Romance	2601	6.2	89.0
Comedy,Mystery,Sci-Fi	8719	6.3	84.0
Comedy,Mystery,Sport	55	8.3	118.0
Comedy,Mystery,Thriller	2168	6.2	93.0
Comedy,News	18	7.9	67.0
Comedy,Reality-TV	47	6.9	43.0
Comedy,Reality-TV,Romance	112	9.0	104.0
Comedy,Romance	3610	5.9	93.0
Comedy,Romance,Sci-Fi	8700	5.7	92.0
Comedy,Romance,Sport	8759	5.7	90.0
Comedy,Romance,Thriller	2225	6.2	109.0
Comedy,Romance,War	2198	6.2	85.0
Comedy,Romance,Western	1147	5.7	84.0
Comedy,Sci-Fi	3121	5.5	86.0
Comedy,Sci-Fi,Sport	14	6.8	63.0
Comedy,Sci-Fi,Talk-Show	93	5.9	46.0
Comedy,Sci-Fi,Thriller	771	6.1	95.0
Comedy,Sci-Fi,War	125	4.6	90.0
Comedy,Sci-Fi,Western	52	7.1	73.0
Comedy,Sport	8543	5.8	93.0
Comedy,Sport,Thriller	289	4.7	124.0
Comedy,Sport,War	109	2.6	95.0
Comedy,Sport,Western	27	6.8	90.0
Comedy,Talk-Show	70	6.7	80.0
Comedy,Thriller	1123	5.8	96.0
Comedy,Thriller,War	135	5.8	81.0
Comedy,Thriller,Western	851	5.9	81.0
Comedy,War	5401	6.2	88.0
Comedy,War,Western	912	5.9	100.0
Comedy,Western	2877	5.8	81.0
Crime	90	6.1	89.0
Crime,Documentary	1391	6.9	76.0
Crime,Documentary,Drama	1677	7.2	81.0
Crime,Documentary,Family	17	7.0	72.0
Crime,Documentary,Fantasy	52	5.7	69.0
Crime,Documentary,History	1689	7.0	83.0
Crime,Documentary,Horror	2208	5.2	80.0
Crime,Documentary,Music	6231	7.4	82.0
Crime,Documentary,Mystery	2561	7.1	106.0
Crime,Documentary,News	115	7.0	76.0
Crime,Documentary,Sport	6368	7.6	78.0
Crime,Documentary,Thriller	3224	7.2	86.0
Crime,Documentary,War	360	7.0	77.0
Crime,Documentary,Western	21	5.8	60.0
Crime,Drama	4048	6.2	91.0
Crime,Drama,Family	1131	6.6	111.0
Crime,Drama,Fantasy	26449	6.2	97.0
Crime,Drama,Film-Noir	3321	6.4	81.0
Crime,Drama,History	6892	6.5	105.0
Crime,Drama,Horror	6198	5.5	91.0
Crime,Drama,Music	3003	6.3	95.0
Crime,Drama,Musical	5893	6.4	103.0
Crime,Drama,Mystery	12261	6.2	97.0
Crime,Drama,Romance	3761	6.2	93.0
Crime,Drama,Sci-Fi	4329	5.9	93.0
Crime,Drama,Sport	6743	6.1	99.0
Crime,Drama,Thriller	10169	6.1	99.0
Crime,Drama,War	456	6.0	90.0
Crime,Drama,Western	2736	6.0	87.0
Crime,Family	88	6.0	87.0
Crime,Family,Fantasy	126	5.6	116.0
Crime,Family,Horror	107	9.6	127.0
Crime,Family,Musical	10	8.1	75.0
Crime,Family,Mystery	146	5.4	81.0
Crime,Family,Romance	355	5.5	88.0
Crime,Family,Thriller	202	6.9	97.0
Crime,Fantasy	52	6.3	84.0
Crime,Fantasy,History	14	6.7	84.0
Crime,Fantasy,Horror	4757	5.1	92.0
Crime,Fantasy,Musical	52	6.6	112.0
Crime,Fantasy,Mystery	1007	5.6	84.0
Crime,Fantasy,Romance	1905	7.6	138.0
Crime,Fantasy,Sci-Fi	19	7.1	80.0
Crime,Fantasy,Thriller	586	6.2	114.0
Crime,Film-Noir	1954	6.3	88.0
Crime,Film-Noir,Mystery	8172	6.3	75.0
Crime,Film-Noir,Romance	3157	6.8	83.0
Crime,Film-Noir,Sport	10149	7.8	73.0
Crime,Film-Noir,Thriller	3888	6.7	85.0
Crime,History	1001	6.6	101.0
Crime,History,Horror	12	5.3	107.0
Crime,History,Musical	396	6.1	94.0
Crime,History,Mystery	687	6.4	104.0
Crime,History,Thriller	1258	6.6	97.0
Crime,Horror	808	5.0	86.0
Crime,Horror,Music	244	4.0	82.0
Crime,Horror,Musical	523	5.0	87.0
Crime,Horror,Mystery	3519	5.4	92.0
Crime,Horror,Romance	1620	5.0	89.0
Crime,Horror,Sci-Fi	7497	5.3	82.0
Crime,Horror,Thriller	3673	5.1	90.0
Crime,Music	66	5.0	86.0
Crime,Music,Musical	982	6.5	89.0
Crime,Music,Mystery	707	5.4	89.0
Crime,Music,Romance	296	6.3	100.0
Crime,Music,Thriller	3223	5.9	91.0
Crime,Musical	201	5.5	85.0
Crime,Musical,Mystery	79	6.2	108.0
Crime,Musical,Romance	269	6.6	93.0
Crime,Musical,Thriller	26	5.8	137.0
Crime,Mystery	339	6.1	91.0
Crime,Mystery,Romance	1246	6.0	86.0
Crime,Mystery,Sci-Fi	9280	6.1	90.0
Crime,Mystery,Thriller	6487	5.9	98.0
Crime,Mystery,Western	125	5.3	91.0
Crime,Reality-TV	7	7.2	93.0
Crime,Romance	103	5.5	94.0
Crime,Romance,Sci-Fi	127	4.8	91.0
Crime,Romance,Thriller	1971	5.8	104.0
Crime,Romance,Western	156	5.6	72.0
Crime,Sci-Fi	37020	5.7	93.0
Crime,Sci-Fi,Thriller	1307	5.3	94.0
Crime,Sport	11	6.4	86.0
Crime,Sport,Thriller	11	5.1	
Crime,Thriller	5752	5.8	96.0
Crime,Thriller,War	11276	6.1	100.0
Crime,Thriller,Western	107	6.6	73.0
Crime,War	48	6.5	88.0
Crime,Western	35	5.8	69.0
Documentary	138	7.2	71.0
Documentary,Drama	413	7.1	80.0
Documentary,Drama,Family	321	7.2	76.0
Documentary,Drama,Fantasy	137	6.9	71.0
Documentary,Drama,Game-Show	10	8.6	67.0
Documentary,Drama,History	203	7.2	88.0
Documentary,Drama,Horror	891	6.4	87.0
Documentary,Drama,Music	395	7.1	78.0
Documentary,Drama,Musical	207	7.2	88.0
Documentary,Drama,Mystery	3355	7.1	74.0
Documentary,Drama,News	236	7.4	73.0
Documentary,Drama,Reality-TV	15	7.5	137.0
Documentary,Drama,Romance	127	7.2	78.0
Documentary,Drama,Sci-Fi	600	6.6	84.0
Documentary,Drama,Sport	736	7.5	80.0
Documentary,Drama,Thriller	90	7.1	90.0
Documentary,Drama,War	2023	7.3	78.0
Documentary,Drama,Western	823	5.9	88.0
Documentary,Family	599	7.2	75.0
Documentary,Family,Fantasy	132	7.3	76.0
Documentary,Family,History	161	7.4	73.0
Documentary,Family,Music	207	7.9	76.0
Documentary,Family,Musical	1489	7.6	80.0
Documentary,Family,Mystery	1766	7.4	80.0
Documentary,Family,News	80	7.5	72.0
Documentary,Family,Romance	15	7.3	71.0
Documentary,Family,Sci-Fi	150	6.3	90.0
Documentary,Family,Sport	57	7.9	80.0
Documentary,Family,War	24	7.1	74.0
Documentary,Family,Western	85	7.7	66.0
Documentary,Fantasy	172	6.6	74.0
Documentary,Fantasy,History	88	6.8	70.0
Documentary,Fantasy,Horror	3242	6.0	69.0
Documentary,Fantasy,Music	165	7.4	86.0
Documentary,Fantasy,Musical	16	6.4	23.0
Documentary,Fantasy,Mystery	15	6.6	75.0
Documentary,Fantasy,Sci-Fi	54	5.6	80.0
Documentary,Game-Show,Reality-TV	100	7.3	150.0
Documentary,History	333	7.3	76.0
Documentary,History,Horror	88	6.3	96.0
Documentary,History,Music	591	7.5	81.0
Documentary,History,Musical	33	7.7	86.0
Documentary,History,Mystery	81	6.8	73.0
Documentary,History,News	232	7.3	79.0
Documentary,History,Reality-TV	97	7.5	74.0
Documentary,History,Romance	362	7.4	82.0
Documentary,History,Sci-Fi	143	6.5	70.0
Documentary,History,Sport	396	7.6	75.0
Documentary,History,Thriller	214	7.7	80.0
Documentary,History,War	403	7.4	78.0
Documentary,History,Western	172	7.2	78.0
Documentary,Horror	513	6.2	78.0
Documentary,Horror,Music	191	6.8	76.0
Documentary,Horror,Musical	5	5.6	81.0
Documentary,Horror,Mystery	700	5.9	76.0
Documentary,Horror,News	7	7.8	80.0
Documentary,Horror,Romance	991	6.2	71.0
Documentary,Horror,Sci-Fi	113	5.6	82.0
Documentary,Horror,Thriller	162	5.5	81.0
Documentary,Horror,War	7	7.5	61.0
Documentary,Music	457	7.4	79.0
Documentary,Music,Musical	279	7.4	82.0
Documentary,Music,Mystery	178	7.1	71.0
Documentary,Music,News	338	7.5	71.0
Documentary,Music,Romance	833	7.3	83.0
Documentary,Music,Sci-Fi	11	8.7	62.0
Documentary,Music,Sport	162	7.3	74.0
Documentary,Music,Thriller	6549	6.8	86.0
Documentary,Music,War	324	7.8	73.0
Documentary,Music,Western	7	7.7	75.0
Documentary,Musical	108	7.1	79.0
Documentary,Musical,Mystery	8	7.9	120.0
Documentary,Musical,Sport	10	5.8	63.0
Documentary,Musical,Thriller	9	8.5	98.0
Documentary,Mystery	257	6.8	77.0
Documentary,Mystery,News	11	7.8	54.0
Documentary,Mystery,Reality-TV	53	1.4	
Documentary,Mystery,Sci-Fi	173	6.7	80.0
Documentary,Mystery,Sport	31	7.6	
Documentary,Mystery,Thriller	138	7.3	103.0
Documentary,News	472	7.2	72.0
Documentary,News,Reality-TV	35	9.4	60.0
Documentary,News,Romance	122	7.2	61.0
Documentary,News,Sport	92	5.3	81.0
Documentary,News,Thriller	224	5.7	74.0
Documentary,News,War	411	7.4	63.0
Documentary,Reality-TV	118	6.1	69.0
Documentary,Reality-TV,Thriller	32	6.1	75.0
Documentary,Romance	234	6.9	74.0
Documentary,Romance,War	267	7.4	96.0
Documentary,Sci-Fi	307	6.9	70.0
Documentary,Sci-Fi,Thriller	28	7.8	68.0
Documentary,Sport	398	7.4	76.0
Documentary,Sport,Talk-Show	348	7.2	95.0
Documentary,Sport,Thriller	33	7.9	111.0
Documentary,Sport,War	28	7.7	77.0
Documentary,Sport,Western	10	7.6	50.0
Documentary,Talk-Show	35	7.4	63.0
Documentary,Talk-Show,Thriller	13	6.2	70.0
Documentary,Thriller	492	7.5	82.0
Documentary,Thriller,War	114	7.3	96.0
Documentary,War	323	7.2	76.0
Documentary,War,Western	45	6.4	97.0
Documentary,Western	109	7.4	74.0
Drama	752	6.4	92.0
Drama,Family	745	6.6	95.0
Drama,Family,Fantasy	6436	6.4	92.0
Drama,Family,History	927	6.9	87.0
Drama,Family,Horror	157	5.4	89.0
Drama,Family,Music	398	6.5	97.0
Drama,Family,Musical	2355	6.8	119.0
Drama,Family,Mystery	580	6.0	90.0
Drama,Family,Romance	1059	6.4	103.0
Drama,Family,Sci-Fi	629	6.1	85.0
Drama,Family,Sport	3300	6.4	98.0
Drama,Family,Thriller	268	6.3	97.0
Drama,Family,War	541	6.6	93.0
Drama,Family,Western	680	6.4	95.0
Drama,Fantasy	1654	6.4	92.0
Drama,Fantasy,Film-Noir	1375	7.1	93.0
Drama,Fantasy,History	5815	6.4	95.0
Drama,Fantasy,Horror	9787	5.7	94.0
Drama,Fantasy,Music	3014	7.5	123.0
Drama,Fantasy,Musical	537	6.8	127.0
Drama,Fantasy,Mystery	10419	6.3	95.0
Drama,Fantasy,Romance	14721	6.4	102.0
Drama,Fantasy,Sci-Fi	3134	6.1	89.0
Drama,Fantasy,Sport	15165	7.2	109.0
Drama,Fantasy,Thriller	4942	6.0	97.0
Drama,Fantasy,War	56738	6.9	97.0
Drama,Fantasy,Western	950	6.1	90.0
Drama,Film-Noir	12188	6.7	87.0
Drama,Film-Noir,Horror	537	6.0	79.0
Drama,Film-Noir,Music	1517	6.4	95.0
Drama,Film-Noir,Mystery	5496	6.6	85.0
Drama,Film-Noir,Romance	10175	6.9	98.0
Drama,Film-Noir,Sport	3030	6.9	93.0
Drama,Film-Noir,Thriller	2314	6.6	88.0
Drama,History	1064	6.6	105.0
Drama,History,Horror	2140	6.1	104.0
Drama,History,Music	1921	7.1	111.0
Drama,History,Musical	787	7.1	118.0
Drama,History,Mystery	3212	6.6	101.0
Drama,History,Romance	1831	6.4	111.0
Drama,History,Sci-Fi	1283	5.4	98.0
Drama,History,Sport	5613	6.3	108.0
Drama,History,Thriller	22008	6.6	113.0
Drama,History,War	2799	6.5	112.0
Drama,History,Western	1293	6.3	95.0
Drama,Horror	3056	5.5	88.0
Drama,Horror,Music	11757	6.1	83.0
Drama,Horror,Musical	26750	6.5	118.0
Drama,Horror,Mystery	9174	5.3	92.0
Drama,Horror,Romance	3073	5.6	97.0
Drama,Horror,Sci-Fi	18331	5.3	91.0
Drama,Horror,Sport	249	5.3	90.0
Drama,Horror,Thriller	3100	5.2	91.0
Drama,Horror,War	1365	6.6	105.0
Drama,Horror,Western	10768	4.8	93.0
Drama,Music	3738	6.7	105.0
Drama,Music,Musical	6025	6.6	103.0
Drama,Music,Mystery	7414	6.5	98.0
Drama,Music,Romance	5662	6.3	100.0
Drama,Music,Sci-Fi	1003	5.9	77.0
Drama,Music,Sport	79	5.6	86.0
Drama,Music,Thriller	2891	6.3	102.0
Drama,Music,War	958	7.2	96.0
Drama,Music,Western	102	6.1	61.0
Drama,Musical	491	6.5	107.0
Drama,Musical,Mystery	375	6.2	116.0
Drama,Musical,Romance	3174	6.4	119.0
Drama,Musical,Sci-Fi	27	5.5	98.0
Drama,Musical,Sport	62139	7.1	160.0
Drama,Musical,Thriller	741	6.1	99.0
Drama,Musical,War	660	6.5	100.0
Drama,Musical,Western	85	6.4	98.0
Drama,Mystery	1990	6.3	93.0
Drama,Mystery,News	9	7.3	65.0
Drama,Mystery,Romance	8476	6.2	100.0
Drama,Mystery,Sci-Fi	38898	5.9	96.0
Drama,Mystery,Sport	216	6.3	73.0
Drama,Mystery,Thriller	11857	5.9	97.0
Drama,Mystery,War	49338	6.8	101.0
Drama,Mystery,Western	6462	6.3	85.0
Drama,News,Thriller	513	6.1	77.0
Drama,News,War	19	5.6	70.0
Drama,Reality-TV	159	4.3	76.0
Drama,Romance	2747	6.2	98.0
Drama,Romance,Sci-Fi	33873	6.1	96.0
Drama,Romance,Sport	3904	6.0	96.0
Drama,Romance,Thriller	3833	5.9	102.0
Drama,Romance,War	4807	6.6	102.0
Drama,Romance,Western	4057	6.3	96.0
Drama,Sci-Fi	2724	5.9	90.0
Drama,Sci-Fi,Sport	188	6.2	94.0
Drama,Sci-Fi,Thriller	14262	5.4	93.0
Drama,Sci-Fi,War	2863	6.3	95.0
Drama,Sci-Fi,Western	312	3.6	86.0
Drama,Sport	6318	6.2	98.0
Drama,Sport,Thriller	2585	5.9	105.0
Drama,Sport,War	5844	7.1	100.0
Drama,Sport,Western	309	5.3	83.0
Drama,Talk-Show	46	4.9	
Drama,Thriller	3080	5.9	95.0
Drama,Thriller,War	10537	6.2	95.0
Drama,Thriller,Western	6825	6.1	98.0
Drama,War	3079	6.4	96.0
Drama,War,Western	4857	6.2	105.0
Drama,Western	2959	6.0	79.0
Family	100	6.3	77.0
Family,Fantasy	198	5.9	73.0
Family,Fantasy,History	310	6.4	76.0
Family,Fantasy,Horror	1384	5.6	92.0
Family,Fantasy,Music	679	6.4	87.0
Family,Fantasy,Musical	1031	6.0	86.0
Family,Fantasy,Mystery	232	6.0	80.0
Family,Fantasy,Romance	423	6.2	77.0
Family,Fantasy,Sci-Fi	141	5.5	82.0
Family,Fantasy,Sport	176	5.6	72.0
Family,Fantasy,War	14	5.3	65.0
Family,Fantasy,Western	248	5.2	104.0
Family,History,Musical	58	6.8	158.0
Family,History,Reality-TV	46	7.0	22.0
Family,History,Sci-Fi	44	6.3	99.0
Family,History,War	58	8.0	75.0
Family,Horror	296	5.3	88.0
Family,Horror,Mystery	2624	5.5	76.0
Family,Horror,Romance	55	5.4	110.0
Family,Horror,Sci-Fi	1902	4.8	70.0
Family,Horror,Thriller	131	5.4	89.0
Family,Horror,War	8	5.3	50.0
Family,Music	99	7.2	68.0
Family,Music,Musical	5962	7.0	118.0
Family,Music,Romance	378	5.9	91.0
Family,Music,Sport	20	9.1	90.0
Family,Music,Western	40	8.3	
Family,Musical	99	6.4	69.0
Family,Musical,Mystery	28	7.4	78.0
Family,Musical,Romance	600	6.4	122.0
Family,Musical,Sci-Fi	26	7.5	55.0
Family,Musical,Sport	18	7.6	132.0
Family,Mystery	195	6.2	80.0
Family,Mystery,Romance	1090	6.8	88.0
Family,Mystery,Sci-Fi	60	7.2	81.0
Family,Mystery,Sport	296	4.5	110.0
Family,Mystery,Thriller	50	6.0	94.0
Family,Reality-TV	39	3.3	
Family,Romance	546	6.1	99.0
Family,Romance,Sci-Fi	278	6.0	112.0
Family,Romance,Sport	2275	5.3	99.0
Family,Romance,Western	1513	6.7	88.0
Family,Sci-Fi	689	5.3	88.0
Family,Sci-Fi,Sport	31	7.3	85.0
Family,Sci-Fi,Thriller	2482	5.1	98.0
Family,Sport	356	5.7	90.0
Family,Thriller	219	6.4	115.0
Family,War	37	6.5	92.0
Family,Western	520	6.1	102.0
Fantasy	102	6.2	83.0
Fantasy,History	90	6.6	106.0
Fantasy,History,Horror	200	7.2	90.0
Fantasy,History,Music	25	7.8	76.0
Fantasy,History,Musical	6	6.4	57.0
Fantasy,History,Romance	357	5.8	96.0
Fantasy,History,War	43	7.3	67.0
Fantasy,Horror	7125	5.3	87.0
Fantasy,Horror,Music	1714	5.0	88.0
Fantasy,Horror,Musical	1415	4.7	83.0
Fantasy,Horror,Mystery	9882	5.3	95.0
Fantasy,Horror,Romance	9968	5.5	90.0
Fantasy,Horror,Sci-Fi	1812	4.8	84.0
Fantasy,Horror,Thriller	4991	5.0	89.0
Fantasy,Horror,War	1009	6.0	87.0
Fantasy,Horror,Western	459	5.1	75.0
Fantasy,Music	123	7.5	82.0
Fantasy,Music,Musical	697	7.4	75.0
Fantasy,Music,Mystery	47	8.3	73.0
Fantasy,Music,Romance	96	7.7	128.0
Fantasy,Musical	68	6.2	88.0
Fantasy,Musical,Mystery	832	8.4	72.0
Fantasy,Musical,Romance	1735	6.6	110.0
Fantasy,Musical,Sci-Fi	300	6.1	105.0
Fantasy,Musical,Western	201	3.7	78.0
Fantasy,Mystery	71	6.0	83.0
Fantasy,Mystery,Romance	19937	5.6	89.0
Fantasy,Mystery,Sci-Fi	14302	5.8	90.0
Fantasy,Mystery,Thriller	1458	5.9	84.0
Fantasy,Mystery,War	40	5.7	112.0
Fantasy,Mystery,Western	5414	7.1	100.0
Fantasy,Romance	684	6.2	93.0
Fantasy,Romance,Sci-Fi	208	6.1	86.0
Fantasy,Romance,Thriller	512	6.0	96.0
Fantasy,Sci-Fi	438	5.4	101.0
Fantasy,Sci-Fi,Thriller	209	5.4	79.0
Fantasy,Sci-Fi,War	97	7.9	25.0
Fantasy,Sci-Fi,Western	236	3.5	83.0
Fantasy,Sport	33	6.8	105.0
Fantasy,Talk-Show	21	6.9	45.0
Fantasy,Thriller	692	5.7	90.0
Fantasy,War	227	5.7	102.0
Fantasy,Western	493	5.4	83.0
Film-Noir,Horror	219	4.7	68.0
Film-Noir,Horror,Mystery	1685	6.3	62.0
Film-Noir,Horror,Sci-Fi	10992	7.4	70.0
Film-Noir,Horror,Thriller	4111	6.6	72.0
Film-Noir,Mystery	745	6.3	74.0
Film-Noir,Mystery,Romance	26326	6.9	96.0
Film-Noir,Mystery,Thriller	48625	6.8	91.0
Film-Noir,Romance,Thriller	2139	6.3	91.0
Film-Noir,Thriller	20871	7.1	94.0
Film-Noir,Western	349	5.6	70.0
Game-Show	32	6.4	41.0
History	56	6.9	83.0
History,Horror	250	5.7	92.0
History,Horror,Musical	5	7.4	
History,Horror,Mystery	93	6.4	100.0
History,Horror,Sci-Fi	36	6.8	88.0
History,Horror,Thriller	395	4.7	89.0
History,Horror,War	13	7.0	96.0
History,Music	49	7.8	62.0
History,Music,Romance	443	6.2	94.0
History,Musical	404	6.5	88.0
History,Musical,Romance	130	7.3	161.0
History,Mystery	90	6.4	168.0
History,Mystery,Thriller	197	4.9	92.0
History,Romance	100	6.3	95.0
History,Romance,Sci-Fi	53	6.4	119.0
History,Romance,Thriller	1293	5.8	112.0
History,Romance,War	433	6.1	86.0
History,Romance,Western	1488	5.8	101.0
History,Sci-Fi	34	6.7	92.0
History,Sci-Fi,Thriller	439	2.4	125.0
History,Sci-Fi,War	76	5.2	114.0
History,Sport	1924	7.6	98.0
History,Sport,Thriller	12629	6.2	102.0
History,Thriller	388	7.2	100.0
History,Thriller,War	455	4.8	86.0
History,War	187	6.3	100.0
History,War,Western	386	6.0	100.0
History,Western	423	6.3	82.0
Horror	1094	4.8	85.0
Horror,Music	480	5.9	76.0
Horror,Music,Musical	29	4.9	50.0
Horror,Music,Mystery	713	5.2	89.0
Horror,Music,Sci-Fi	606	4.6	81.0
Horror,Music,Thriller	1750	5.1	84.0
Horror,Musical	672	4.9	93.0
Horror,Musical,Romance	11	5.0	76.0
Horror,Musical,Sci-Fi	5521	6.4	98.0
Horror,Mystery	10600	5.2	89.0
Horror,Mystery,Reality-TV	20	1.6	42.0
Horror,Mystery,Romance	1798	5.5	96.0
Horror,Mystery,Sci-Fi	17809	5.1	90.0
Horror,Mystery,Thriller	13115	5.2	92.0
Horror,Mystery,Western	60	5.5	91.0
Horror,Reality-TV	104	5.3	92.0
Horror,Romance	487	5.2	92.0
Horror,Romance,Sci-Fi	1378	4.9	83.0
Horror,Romance,Thriller	702	5.2	97.0
Horror,Romance,Western	568	4.7	98.0
Horror,Sci-Fi	5199	4.7	85.0
Horror,Sci-Fi,Thriller	10294	4.7	90.0
Horror,Sci-Fi,War	102	5.3	78.0
Horror,Sci-Fi,Western	1243	3.6	76.0
Horror,Sport	762	4.1	82.0
Horror,Sport,Thriller	249	4.4	92.0
Horror,Thriller	3866	4.8	89.0
Horror,Thriller,War	1079	4.1	92.0
Horror,Thriller,Western	2442	5.1	84.0
Horror,War	721	4.0	87.0
Horror,Western	530	4.7	85.0
Music	60	7.6	82.0
Music,Musical	78	7.0	91.0
Music,Musical,Romance	176	6.6	95.0
Music,Musical,Sci-Fi	2690	4.3	90.0
Music,Mystery	12	7.2	64.0
Music,Mystery,Thriller	1061	6.8	82.0
Music,News	25	7.5	45.0
Music,Reality-TV	12	8.7	81.0
Music,Romance	169	6.3	89.0
Music,Romance,Sport	77	6.2	90.0
Music,Romance,Thriller	24	6.5	
Music,Romance,War	169	6.2	77.0
Music,Romance,Western	1203	5.4	53.0
Music,Sci-Fi	814	6.5	82.0
Music,Sci-Fi,Thriller	272	1.5	
Music,Thriller	47	4.5	41.0
Music,Western	95	6.0	61.0
Musical	86	6.6	92.0
Musical,Mystery	12	4.9	99.0
Musical,Mystery,Romance	301	6.1	119.0
Musical,Mystery,Sci-Fi	20	6.7	86.0
Musical,Mystery,Thriller	203	6.9	143.0
Musical,Romance	256	6.1	102.0
Musical,Romance,Sport	36	6.4	78.0
Musical,Romance,Thriller	232	6.6	159.0
Musical,Romance,War	3499	6.4	103.0
Musical,Romance,Western	4255	6.4	102.0
Musical,Sci-Fi	147	6.1	80.0
Musical,Sci-Fi,Thriller	36	5.7	78.0
Musical,Sport	23	7.5	107.0
Musical,Thriller	244	6.0	110.0
Musical,War	260	6.2	115.0
Musical,Western	136	5.6	79.0
Mystery	149	6.2	93.0
Mystery,Romance	267	6.2	91.0
Mystery,Romance,Sci-Fi	13543	6.7	86.0
Mystery,Romance,Sport	158	5.9	60.0
Mystery,Romance,Thriller	9964	5.9	101.0
Mystery,Romance,War	249	6.1	92.0
Mystery,Romance,Western	104	5.9	88.0
Mystery,Sci-Fi	683	5.4	87.0
Mystery,Sci-Fi,Thriller	13856	5.5	92.0
Mystery,Sport	68	6.0	79.0
Mystery,Thriller	5394	5.7	97.0
Mystery,Thriller,War	1636	6.8	91.0
Mystery,Thriller,Western	148	6.2	96.0
Mystery,War	13	4.5	89.0
Mystery,Western	192	6.0	73.0
News	42	6.8	39.0
Reality-TV	31	6.6	69.0
Reality-TV,Sci-Fi	9	7.2	30.0
Reality-TV,Sport	89	8.6	62.0
Reality-TV,Thriller	18	7.5	70.0
Romance	190	6.1	99.0
Romance,Sci-Fi	1614	5.6	92.0
Romance,Sci-Fi,Thriller	1094	6.1	97.0
Romance,Sport	197	6.3	94.0
Romance,Thriller	564	5.6	104.0
Romance,Thriller,War	3400	7.6	94.0
Romance,War	53	6.4	93.0
Romance,War,Western	723	5.8	85.0
Romance,Western	725	6.1	79.0
Sci-Fi	217	5.5	84.0
Sci-Fi,Sport	13	5.9	64.0
Sci-Fi,Thriller	4413	5.0	89.0
Sci-Fi,War	1308	5.8	65.0
Sci-Fi,Western	65	5.6	82.0
Sport	79	6.9	83.0
Sport,Thriller	494	4.4	85.0
Sport,War	29	7.0	92.0
Talk-Show	28	6.2	63.0
Thriller	323	5.6	92.0
Thriller,War	1688	6.3	92.0
Thriller,War,Western	2294	6.5	74.0
Thriller,Western	707	5.8	86.0
War	85	6.1	93.0
War,Western	1356	5.9	121.0
Western	283	5.9	71.0
